Time,OriginalSignal,NoisySignal,FaultySignal,FaultDetected
0,0,0.327051848020431,0.327051848020431,1
0.001,0.309016994374947,0.201406026771155,0.201406026771155,1
0.002,0.587785252292473,0.548806963145393,0.548806963145393,0
0.003,0.809016994374947,1.02913825150769,1.02913825150769,0
0.004,0.951056516295154,0.987155987390207,0.987155987390207,0
0.005,1,1.34089938540647,1.34089938540647,0
0.006,0.951056516295154,0.745024580679388,0.745024580679388,0
0.007,0.809016994374947,0.950521853407779,0.950521853407779,0
0.008,0.587785252292473,0.674287991929253,0.674287991929253,0
0.009,0.309016994374947,0.726573444888989,0.726573444888989,0
0.01,1.22464679914735e-16,-0.403650603048328,-0.403650603048328,0
0.011,-0.309016994374947,-0.308792772517427,-0.308792772517427,1
0.012,-0.587785252292473,-0.571736810020343,-0.571736810020343,0
0.013,-0.809016994374948,-1.51158855254845,-1.51158855254845,0
0.014,-0.951056516295154,-0.576627972928904,-0.576627972928904,0
0.015,-1,-0.157230443930476,-0.157230443930476,1
0.016,-0.951056516295154,-1.02071197482784,-1.02071197482784,0
0.017,-0.809016994374947,-0.72290735030693,-0.72290735030693,0
0.018,-0.587785252292473,-0.727166599260481,-0.727166599260481,0
0.019,-0.309016994374948,-0.193721661361268,-0.193721661361268,1
0.02,-2.44929359829471e-16,-0.113948257005994,-0.113948257005994,1
0.021,0.309016994374948,0.278483526111299,0.278483526111299,1
0.022,0.587785252292473,1.07323059480341,1.07323059480341,0
0.023,0.809016994374947,0.554848029579989,0.554848029579989,0
0.024,0.951056516295154,0.778291563281307,0.778291563281307,0
0.025,1,0.977226061489435,0.977226061489435,0
0.026,0.951056516295153,0.911315038641833,0.911315038641833,0
0.027,0.809016994374948,1.24080989421599,1.24080989421599,0
0.028,0.587785252292473,1.19716412679989,1.19716412679989,0
0.029,0.309016994374948,0.015556511359878,0.015556511359878,1
0.03,3.67394039744206e-16,-0.192307100397714,-0.192307100397714,1
0.031,-0.309016994374947,-0.152874293520136,-0.152874293520136,1
0.032,-0.587785252292473,-0.70199525113867,-0.70199525113867,0
0.033,-0.809016994374948,-0.211161412001934,-0.211161412001934,1
0.034,-0.951056516295154,-0.46029544185032,-0.46029544185032,0
0.035,-1,-0.832294332601149,-0.832294332601149,0
0.036,-0.951056516295153,-0.781965240973046,-0.781965240973046,0
0.037,-0.809016994374948,-0.910535980772231,-0.910535980772231,0
0.038,-0.587785252292473,-0.358691040816867,-0.358691040816867,1
0.039,-0.309016994374948,0.0292157094362406,0.0292157094362406,1
0.04,-4.89858719658941e-16,0.0424713501789157,0.0424713501789157,1
0.041,0.309016994374949,0.887457225265994,0.887457225265994,0
0.042,0.587785252292474,0.788976625158474,0.788976625158474,0
0.043,0.809016994374948,0.775983623275127,0.775983623275127,0
0.044,0.951056516295153,1.06234519369873,1.06234519369873,0
0.045,1,1.3289784080045,1.3289784080045,0
0.046,0.951056516295154,0.83160758414863,0.83160758414863,0
0.047,0.809016994374948,0.783378228988397,0.783378228988397,0
0.048,0.587785252292472,1.29977147563838,1.29977147563838,0
0.049,0.309016994374946,0.166840688394369,0.166840688394369,1
0.05,-1.16403343982657e-15,0.283902257525473,0.283902257525473,1
0.051,-0.309016994374949,-0.0635685216148525,-0.0635685216148525,1
0.052,-0.587785252292475,-0.111093986960825,-0.111093986960825,1
0.053,-0.809016994374948,-0.651213395211331,-0.651213395211331,0
0.054,-0.951056516295153,-1.69061578209377,-1.69061578209377,0
0.055,-1,-1.25575838276936,-1.25575838276936,0
0.056,-0.951056516295154,-0.79753589246701,-0.79753589246701,0
0.057,-0.809016994374947,-0.731684520962625,-0.731684520962625,0
0.058,-0.587785252292474,0.000948966208025759,0.000948966208025759,1
0.059,-0.309016994374946,0.112877478302625,0.112877478302625,1
0.06,-7.34788079488412e-16,0.149050119577374,0.149050119577374,1
0.061,0.309016994374948,0.333866163057606,0.333866163057606,1
0.062,0.587785252292472,0.123241892799538,0.123241892799538,1
0.063,0.809016994374948,1.36796488431402,1.36796488431402,0
0.064,0.951056516295153,0.991264502840826,0.991264502840826,0
0.065,1,0.536199227852136,0.536199227852136,0
0.066,0.951056516295153,1.08104123515264,1.08104123515264,0
0.067,0.809016994374947,0.839903260371186,0.839903260371186,0
0.068,0.587785252292471,0.416681422329478,0.416681422329478,0
0.069,0.309016994374947,0.456935641383072,0.456935641383072,0
0.07,-2.69546091939735e-15,-0.212253964052396,-0.212253964052396,1
0.071,-0.309016994374948,-0.713424505166204,-0.713424505166204,0
0.072,-0.587785252292475,-1.11407571157334,-1.11407571157334,0
0.073,-0.809016994374946,-0.918159680769158,-0.918159680769158,0
0.074,-0.951056516295153,-1.13918471798299,-1.13918471798299,0
0.075,-1,-0.867954924185784,-0.867954924185784,0
0.076,-0.951056516295154,-1.4018488549679,-1.4018488549679,0
0.077,-0.809016994374947,-0.871487627679938,-0.871487627679938,0
0.078,-0.587785252292474,-1.03932289016744,-1.03932289016744,0
0.079,-0.309016994374947,0.23390525242751,0.23390525242751,1
0.08,-9.79717439317883e-16,-0.0350917703255628,-0.0350917703255628,1
0.081,0.309016994374948,0.676879689925969,0.676879689925969,0
0.082,0.587785252292475,0.7362681956317,0.7362681956317,0
0.083,0.809016994374948,1.08159545068226,1.08159545068226,0
0.084,0.951056516295154,0.60479086586458,0.60479086586458,0
0.085,1,1.3772666552294,1.3772666552294,0
0.086,0.951056516295153,1.38681624131693,1.38681624131693,0
0.087,0.809016994374945,0.185973548826014,0.185973548826014,1
0.088,0.587785252292474,0.534838851072507,0.534838851072507,0
0.089,0.30901699437495,0.113392336932226,0.113392336932226,1
0.09,1.10218211923262e-15,0.0469601411077931,0.0469601411077931,1
0.091,-0.309016994374948,-0.564084732667152,-0.564084732667152,0
0.092,-0.587785252292472,-0.504071476680023,-0.504071476680023,0
0.093,-0.809016994374948,-0.629888875223117,-0.629888875223117,0
0.094,-0.951056516295153,-0.877641503953248,-0.877641503953248,0
0.095,-1,-1.03550395332252,-1.03550395332252,0
0.096,-0.951056516295153,-1.3378788808787,-1.3378788808787,0
0.097,-0.809016994374947,-0.791747901856297,-0.791747901856297,0
0.098,-0.587785252292471,-0.74406511847421,-0.74406511847421,0
0.099,-0.309016994374947,-0.692725061908841,-0.692725061908841,0
0.1,2.32806687965315e-15,-0.0168681694500278,-0.0168681694500278,1
0.101,0.309016994374948,0.246112909423288,0.246112909423288,1
0.102,0.587785252292475,0.645415719848293,0.645415719848293,0
0.103,0.80901699437495,1.10671668107224,1.10671668107224,0
0.104,0.951056516295155,1.12392977442876,1.12392977442876,0
0.105,1,1.39173513146745,1.39173513146745,0
0.106,0.951056516295153,0.732264766735502,0.732264766735502,0
0.107,0.809016994374949,0.549644588101476,0.549644588101476,0
0.108,0.587785252292474,0.559308954870501,0.559308954870501,0
0.109,0.309016994374947,0.723981169045379,0.723981169045379,0
0.11,-2.20560219973841e-15,0.391104412058831,0.391104412058831,1
0.111,-0.309016994374951,-0.346760648541762,-0.346760648541762,1
0.112,-0.587785252292472,-0.766847387779279,-0.766847387779279,0
0.113,-0.809016994374948,-1.26521089205881,-1.26521089205881,0
0.114,-0.951056516295154,-0.749504036096104,-0.749504036096104,0
0.115,-1,-0.993146712983165,-0.993146712983165,0
0.116,-0.951056516295154,-1.30439309217134,-1.30439309217134,0
0.117,-0.809016994374947,-0.909390443604871,-0.909390443604871,0
0.118,-0.587785252292471,-1.13662181487484,-1.13662181487484,0
0.119,-0.309016994374944,-0.180020115289283,-0.180020115289283,1
0.12,-1.46957615897682e-15,-0.052198038694101,-0.052198038694101,1
0.121,0.309016994374948,0.79838972016179,0.79838972016179,0
0.122,0.587785252292475,0.17995684586332,0.17995684586332,1
0.123,0.809016994374945,1.10016899896572,1.10016899896572,0
0.124,0.951056516295153,0.994148459441342,0.994148459441342,0
0.125,1,1.02478107734748,1.02478107734748,0
0.126,0.951056516295153,1.16605572066254,1.16605572066254,0
0.127,0.809016994374945,1.16706215297651,1.16706215297651,0
0.128,0.587785252292474,0.266466676668652,0.266466676668652,1
0.129,0.309016994374947,0.704687657168711,0.704687657168711,0
0.13,-1.96067283990894e-15,-0.363000942358393,-0.363000942358393,1
0.131,-0.309016994374951,-0.631251464906949,-0.631251464906949,0
0.132,-0.587785252292478,-0.78955327684536,-0.78955327684536,0
0.133,-0.809016994374947,-0.588078339902311,-0.588078339902311,0
0.134,-0.951056516295154,-1.27204472413524,-1.27204472413524,0
0.135,-1,-0.899585464142159,-0.899585464142159,0
0.136,-0.951056516295152,-0.827491737718607,-0.827491737718607,0
0.137,-0.809016994374947,-0.762780938114629,-0.762780938114629,0
0.138,-0.587785252292472,-0.421414042991373,-0.421414042991373,0
0.139,-0.309016994374944,-0.66087070091179,-0.66087070091179,0
0.14,5.39092183879471e-15,0.302276005788665,0.302276005788665,1
0.141,0.309016994374954,0.343073078408017,0.343073078408017,1
0.142,0.587785252292475,0.806800512525765,0.806800512525765,0
0.143,0.80901699437495,0.513963460219298,0.513963460219298,0
0.144,0.951056516295155,0.966665983310571,0.966665983310571,0
0.145,1,1.26327981177842,1.26327981177842,0
0.146,0.951056516295155,1.2552988285778,1.2552988285778,0
0.147,0.80901699437495,0.783712471138911,0.783712471138911,0
0.148,0.587785252292475,0.0317257793886112,0.0317257793886112,1
0.149,0.309016994374947,-0.0200292185828514,-0.0200292185828514,1
0.15,-1.71574348007947e-15,0.0655882882575491,0.0655882882575491,1
0.151,-0.309016994374944,-0.0707432391588473,-0.0707432391588473,1
0.152,-0.587785252292472,-0.448847993813024,-0.448847993813024,0
0.153,-0.809016994374947,-0.992806001641068,-0.992806001641068,0
0.154,-0.951056516295154,-0.277736573103354,-0.277736573103354,1
0.155,-1,-0.978295717492192,-0.978295717492192,0
0.156,-0.951056516295154,-0.691402197404328,-0.691402197404328,0
0.157,-0.809016994374947,-0.933725934353657,-0.933725934353657,0
0.158,-0.587785252292472,-0.922266684070344,-0.922266684070344,0
0.159,-0.309016994374944,-0.103441265995065,-0.103441265995065,1
0.16,-1.95943487863577e-15,0.311301964583842,0.311301964583842,1
0.161,0.309016994374947,0.855680452904265,0.855680452904265,0
0.162,0.587785252292474,0.429088704369448,0.429088704369448,0
0.163,0.809016994374949,0.320626974476273,0.320626974476273,1
0.164,0.951056516295155,1.4362472458075,1.4362472458075,0
0.165,1,1.07924102257457,1.07924102257457,0
0.166,0.951056516295153,0.612912660597401,0.612912660597401,0
0.167,0.809016994374945,0.641264236664379,0.641264236664379,0
0.168,0.587785252292469,0.34513170533126,0.34513170533126,1
0.169,0.309016994374941,0.657318280053907,0.657318280053907,0
0.17,-1.47081412025e-15,0.177631580743961,0.177631580743961,1
0.171,-0.309016994374951,-0.236192695029591,-0.236192695029591,1
0.172,-0.587785252292477,-0.515642006888665,-0.515642006888665,0
0.173,-0.809016994374951,-1.05546711402906,-1.05546711402906,0
0.174,-0.951056516295156,-0.653122878431197,-0.653122878431197,0
0.175,-1,-0.896081582644567,-0.896081582644567,0
0.176,-0.951056516295154,-1.02939657450512,-1.02939657450512,0
0.177,-0.809016994374948,-0.864430865901341,-0.864430865901341,0
0.178,-0.587785252292478,-0.618305752166105,-0.618305752166105,0
0.179,-0.309016994374951,-0.575129937523363,-0.575129937523363,0
0.18,-2.20436423846524e-15,0.222413129191603,0.222413129191603,1
0.181,0.309016994374947,0.726679355641325,0.726679355641325,0
0.182,0.587785252292474,1.32995533910535,1.32995533910535,0
0.183,0.809016994374945,0.960192767182205,0.960192767182205,0
0.184,0.951056516295153,0.704312350145982,0.704312350145982,0
0.185,1,1.0602945611939,1.0602945611939,0
0.186,0.951056516295153,0.648940758042429,0.648940758042429,0
0.187,0.809016994374946,0.625065526304724,0.625065526304724,0
0.188,0.587785252292475,0.39009623503762,0.39009623503762,1
0.189,0.309016994374948,0.0590481961213611,0.0590481961213611,1
0.19,-1.22588476042053e-15,0.113453789066142,0.113453789066142,1
0.191,-0.30901699437495,-0.643619773177402,-0.643619773177402,0
0.192,-0.587785252292477,-0.387612846768492,-0.387612846768492,1
0.193,-0.809016994374947,-0.570417153275117,-0.570417153275117,0
0.194,-0.951056516295154,-0.63980895999086,-0.63980895999086,0
0.195,-1,-1.0061293577808,-1.0061293577808,0
0.196,-0.951056516295152,-0.765370590534384,-0.765370590534384,0
0.197,-0.809016994374944,-0.268097941160002,-0.268097941160002,1
0.198,-0.587785252292472,-0.571887258904704,-0.571887258904704,0
0.199,-0.309016994374945,-0.362384020425199,-0.362384020425199,1
0.2,4.6561337593063e-15,0.531744768586628,0.531744768586628,0
0.201,0.309016994374954,-0.443624089549312,-0.443624089549312,0
0.202,0.587785252292474,0.450808496684704,0.450808496684704,0
0.203,0.809016994374949,1.53813025545616,1.53813025545616,0
0.204,0.951056516295155,0.809620290525541,0.809620290525541,0
0.205,1,0.831901452655503,0.831901452655503,0
0.206,0.951056516295151,0.583116304166059,0.583116304166059,0
0.207,0.809016994374942,1.04690210345441,1.04690210345441,0
0.208,0.587785252292464,-0.0451968772608171,-0.0451968772608171,1
0.209,0.309016994374948,0.0691984565731624,0.0691984565731624,1
0.21,-9.80955400591059e-16,0.170092527869769,0.170092527869769,1
0.211,-0.30901699437495,-0.309449864033718,-0.309449864033718,1
0.212,-0.587785252292477,-0.400607852416053,-0.400607852416053,0
0.213,-0.809016994374943,-0.77108474506454,-0.77108474506454,0
0.214,-0.951056516295152,-0.74679617803889,-0.74679617803889,0
0.215,-1,-1.38622477415822,-1.38622477415822,0
0.216,-0.951056516295154,-0.885631060537736,-0.885631060537736,0
0.217,-0.809016994374948,-1.27898711648369,-1.27898711648369,0
0.218,-0.587785252292472,-0.35280067304141,-0.35280067304141,1
0.219,-0.309016994374945,-0.402187966991416,-0.402187966991416,0
0.22,4.41120439947682e-15,0.196597323471862,0.196597323471862,1
0.221,0.309016994374953,0.147776786473729,0.147776786473729,1
0.222,0.58778525229248,0.686378273268442,0.686378273268442,0
0.223,0.809016994374945,1.12523858580364,1.12523858580364,0
0.224,0.951056516295153,0.357146720548898,0.357146720548898,1
0.225,1,0.439783544623843,0.439783544623843,0
0.226,0.951056516295153,0.401349814987548,0.401349814987548,0
0.227,0.809016994374946,1.06359462891699,1.06359462891699,0
0.228,0.58778525229247,0.709341430310974,0.709341430310974,0
0.229,0.309016994374942,0.0982801834069396,0.0982801834069396,1
0.23,-7.84145339836259e-15,0.449713806385386,0.449713806385386,0
0.231,-0.309016994374957,-0.267678534655847,-0.267678534655847,1
0.232,-0.587785252292471,-1.06383167226351,-1.06383167226351,0
0.233,-0.809016994374947,-1.11476064882624,-1.11476064882624,0
0.234,-0.951056516295154,-1.36662663860293,-1.36662663860293,0
0.235,-1,-0.713534070907856,-0.713534070907856,0
0.236,-0.951056516295152,-1.13139261210644,-1.13139261210644,0
0.237,-0.809016994374944,-1.16058423561853,-1.16058423561853,0
0.238,-0.587785252292467,-0.760918344421488,-0.760918344421488,0
0.239,-0.309016994374938,-0.559946151710858,-0.559946151710858,0
0.24,-2.93915231795365e-15,0.255890859026149,0.255890859026149,1
0.241,0.309016994374946,0.45221634797792,0.45221634797792,0
0.242,0.587785252292474,0.678481274776542,0.678481274776542,0
0.243,0.809016994374949,0.933749851560318,0.933749851560318,0
0.244,0.951056516295155,0.963948965086562,0.963948965086562,0
0.245,1,0.715344030982847,0.715344030982847,0
0.246,0.951056516295156,1.11353902617179,1.11353902617179,0
0.247,0.80901699437495,0.562678516759283,0.562678516759283,0
0.248,0.587785252292476,0.266213737757748,0.266213737757748,1
0.249,0.309016994374949,-0.0132104965385295,-0.0132104965385295,1
0.25,-4.91096680932118e-16,0.26086584219398,0.26086584219398,1
0.251,-0.30901699437495,-0.0147015700173711,-0.0147015700173711,1
0.252,-0.587785252292476,-1.11543286303418,-1.11543286303418,0
0.253,-0.809016994374951,-0.853445781645062,-0.853445781645062,0
0.254,-0.951056516295156,-0.875473992442539,-0.875473992442539,0
0.255,-1,-1.18311538776785,-1.18311538776785,0
0.256,-0.951056516295155,-0.72276257322964,-0.72276257322964,0
0.257,-0.809016994374948,-0.732688143699831,-0.732688143699831,0
0.258,-0.587785252292473,-0.633635355373687,-0.633635355373687,0
0.259,-0.309016994374945,-0.4762402569377,-0.4762402569377,0
0.26,3.92134567981788e-15,0.203105297054238,0.203105297054238,1
0.261,0.309016994374953,0.56380622650157,0.56380622650157,0
0.262,0.587785252292479,0.728577407069464,0.728577407069464,0
0.263,0.809016994374953,0.737082483028175,0.737082483028175,0
0.264,0.951056516295157,1.22735215243813,1.22735215243813,0
0.265,1,0.727935586477874,0.727935586477874,0
0.266,0.951056516295154,0.994388698177794,0.994388698177794,0
0.267,0.809016994374946,1.22793970282949,1.22793970282949,0
0.268,0.58778525229247,0.530875624411004,0.530875624411004,0
0.269,0.309016994374942,0.0558662271271417,0.0558662271271417,1
0.27,-7.35159467870365e-15,0.583031414954187,0.583031414954187,0
0.271,-0.309016994374956,-0.38309345654742,-0.38309345654742,1
0.272,-0.587785252292482,-0.45529950553271,-0.45529950553271,0
0.273,-0.809016994374955,-1.05010043964106,-1.05010043964106,0
0.274,-0.951056516295154,-0.864773686483811,-0.864773686483811,0
0.275,-1,-0.85989457187383,-0.85989457187383,0
0.276,-0.951056516295152,-0.949688033426577,-0.949688033426577,0
0.277,-0.809016994374944,-0.711189886793965,-0.711189886793965,0
0.278,-0.587785252292467,-0.22640923733242,-0.22640923733242,1
0.279,-0.309016994374939,-0.730251743996196,-0.730251743996196,0
0.28,1.07818436775894e-14,0.06166906663631,0.06166906663631,1
0.281,0.309016994374959,-0.288341742451662,-0.288341742451662,1
0.282,0.587785252292485,0.596307932467966,0.596307932467966,0
0.283,0.809016994374957,1.38817161700066,1.38817161700066,0
0.284,0.951056516295155,1.23339755279315,1.23339755279315,0
0.285,1,0.997922664609438,0.997922664609438,0
0.286,0.951056516295151,0.849584022113458,0.849584022113458,0
0.287,0.809016994374942,0.967496729479352,0.967496729479352,0
0.288,0.587785252292464,0.904855130594513,0.904855130594513,0
0.289,0.309016994374949,0.313439179355682,0.313439179355682,1
0.29,-1.23796127317672e-18,0.484428380073686,0.484428380073686,0
0.291,-0.309016994374936,-0.553773482931789,-0.553773482931789,0
0.292,-0.587785252292464,-1.18711298960242,-1.18711298960242,0
0.293,-0.809016994374942,-1.03347441686937,-1.03347441686937,0
0.294,-0.951056516295151,-1.01084772248669,-1.01084772248669,0
0.295,-1,-1.11182802339113,-1.11182802339113,0
0.296,-0.951056516295155,-1.20526786434459,-1.20526786434459,0
0.297,-0.809016994374949,-0.407845581436498,-0.407845581436498,0
0.298,-0.587785252292473,-1.07268042967683,-1.07268042967683,0
0.299,-0.309016994374946,-0.456562272854416,-0.456562272854416,0
0.3,3.43148696015894e-15,-0.290790470102226,-0.290790470102226,1
0.301,0.309016994374939,0.166784618216868,0.166784618216868,1
0.302,0.587785252292467,0.38793610473424,0.38793610473424,1
0.303,0.809016994374944,0.952529399309445,0.952529399309445,0
0.304,0.951056516295152,0.638739076391507,0.638739076391507,0
0.305,1,0.753802272802728,0.753802272802728,0
0.306,0.951056516295154,0.981395398099087,0.981395398099087,0
0.307,0.809016994374947,1.13421175543432,1.13421175543432,0
0.308,0.58778525229247,0.0314270810775785,0.0314270810775785,1
0.309,0.309016994374943,0.84894283011137,0.84894283011137,0
0.31,-6.86173595904471e-15,-0.263512291673567,-0.263512291673567,1
0.311,-0.309016994374942,-0.114697176444978,-0.114697176444978,1
0.312,-0.58778525229247,-0.272915742616723,-0.272915742616723,1
0.313,-0.809016994374946,-0.412088981321234,-0.412088981321234,0
0.314,-0.951056516295154,-1.10626420598655,-1.10626420598655,0
0.315,-1,-0.992705515086683,-0.992705515086683,0
0.316,-0.951056516295153,-0.999766578361215,-0.999766578361215,0
0.317,-0.809016994374944,-0.990715320195159,-0.990715320195159,0
0.318,-0.587785252292468,-0.506272323089763,-0.506272323089763,0
0.319,-0.309016994374939,-0.201423970721221,-0.201423970721221,1
0.32,-3.91886975727153e-15,-0.10569453683421,-0.10569453683421,1
0.321,0.309016994374945,0.348724972834861,0.348724972834861,1
0.322,0.587785252292473,1.3898597854523,1.3898597854523,0
0.323,0.809016994374948,0.806747171741586,0.806747171741586,0
0.324,0.951056516295155,1.16414739729357,1.16414739729357,0
0.325,1,0.861238191156131,0.861238191156131,0
0.326,0.951056516295152,0.792693146115118,0.792693146115118,0
0.327,0.809016994374942,0.705280874303593,0.705280874303593,0
0.328,0.587785252292465,0.757152584412775,0.757152584412775,0
0.329,0.309016994374936,0.0685552511743135,0.0685552511743135,1
0.33,4.88620758385765e-16,-0.555884035550467,-0.555884035550467,0
0.331,-0.309016994374949,-0.293052189138993,-0.293052189138993,1
0.332,-0.587785252292476,-0.718709817408942,-0.718709817408942,0
0.333,-0.80901699437495,-0.725014752695101,-0.725014752695101,0
0.334,-0.951056516295156,-0.925674750140871,-0.925674750140871,0
0.335,-1,-0.781264282129558,-0.781264282129558,0
0.336,-0.95105651629515,-0.680830587601402,-0.680830587601402,0
0.337,-0.80901699437494,-1.2067084827345,-1.2067084827345,0
0.338,-0.587785252292462,-1.04515890083797,-1.04515890083797,0
0.339,-0.309016994374946,-0.158286994456088,-0.158286994456088,1
0.34,2.9416282405e-15,0.0919174276948528,0.0919174276948528,1
0.341,0.309016994374952,0.0272688547793535,0.0272688547793535,1
0.342,0.587785252292478,0.959005890221522,0.959005890221522,0
0.343,0.809016994374952,0.818920568741462,0.818920568741462,0
0.344,0.951056516295157,0.988127011761526,0.988127011761526,0
0.345,1,1.08218181386523,1.08218181386523,0
0.346,0.951056516295149,1.17730625877987,1.17730625877987,0
0.347,0.809016994374938,1.26636624609508,1.26636624609508,0
0.348,0.587785252292459,0.509192523615748,0.509192523615748,0
0.349,0.309016994374943,-0.210188057956941,-0.210188057956941,1
0.35,-6.37187723938577e-15,0.304039289997018,0.304039289997018,1
0.351,-0.309016994374955,-0.587337823908845,-0.587337823908845,0
0.352,-0.58778525229247,-0.214681166425395,-0.214681166425395,1
0.353,-0.809016994374946,-0.985863603650713,-0.985863603650713,0
0.354,-0.951056516295153,-0.503611995859192,-0.503611995859192,0
0.355,-1,-1.24179342841428,-1.24179342841428,0
0.356,-0.951056516295157,-1.28483623212112,-1.28483623212112,0
0.357,-0.809016994374953,-0.52193512394514,-0.52193512394514,0
0.358,-0.58778525229248,-0.996700728973667,-0.996700728973667,0
0.359,-0.309016994374953,-0.104841505557709,-0.104841505557709,1
0.36,-4.40872847693047e-15,0.131347086769714,0.131347086769714,1
0.361,0.309016994374945,0.266036730373333,0.266036730373333,1
0.362,0.587785252292472,0.485325500912306,0.485325500912306,0
0.363,0.809016994374948,1.4263601845942,1.4263601845942,0
0.364,0.951056516295154,0.838696005667416,0.838696005667416,0
0.365,1,0.942939040764147,0.942939040764147,0
0.366,0.951056516295156,0.669436793111647,0.669436793111647,0
0.367,0.809016994374951,0.56497828506,0.56497828506,0
0.368,0.587785252292477,0.412699626833898,0.412699626833898,0
0.369,0.30901699437495,0.82187460553211,0.82187460553211,0
0.37,9.78479478044706e-16,-0.11712594533131,-0.11712594533131,1
0.371,-0.309016994374948,-0.516036603358887,-0.516036603358887,0
0.372,-0.587785252292475,-0.722251462871203,-0.722251462871203,0
0.373,-0.80901699437495,-0.594704089345067,-0.594704089345067,0
0.374,-0.951056516295155,-1.34577589078009,-1.34577589078009,0
0.375,-1,-0.811863371421055,-0.811863371421055,0
0.376,-0.951056516295155,-1.35044496927336,-1.35044496927336,0
0.377,-0.809016994374949,-0.848271439902849,-0.848271439902849,0
0.378,-0.587785252292474,-1.13585410350786,-1.13585410350786,0
0.379,-0.309016994374947,-0.1482402548419,-0.1482402548419,1
0.38,2.45176952084106e-15,0.207859414630994,0.207859414630994,1
0.381,0.309016994374951,0.102752067850729,0.102752067850729,1
0.382,0.587785252292478,0.683057979224605,0.683057979224605,0
0.383,0.809016994374952,0.857869696412233,0.857869696412233,0
0.384,0.951056516295157,1.29879128804435,1.29879128804435,0
0.385,1,1.03851641759908,1.03851641759908,0
0.386,0.951056516295154,1.26289395628567,1.26289395628567,0
0.387,0.809016994374947,0.773985651983588,0.773985651983588,0
0.388,0.587785252292471,0.393296179261197,0.393296179261197,1
0.389,0.309016994374944,0.297622632908652,0.297622632908652,1
0.39,-5.88201851972683e-15,-0.0597974456316402,-0.0597974456316402,1
0.391,-0.309016994374955,-0.0445160327702469,-0.0445160327702469,1
0.392,-0.587785252292481,-0.604628473564561,-0.604628473564561,0
0.393,-0.809016994374954,-1.06138865519117,-1.06138865519117,0
0.394,-0.951056516295158,-0.99750966772097,-0.99750966772097,0
0.395,-1,-0.643421598860718,-0.643421598860718,0
0.396,-0.951056516295153,-1.07552870006591,-1.07552870006591,0
0.397,-0.809016994374945,-1.00660202312836,-1.00660202312836,0
0.398,-0.587785252292468,-0.292588051862872,-0.292588051862872,1
0.399,-0.30901699437494,-0.278648746007371,-0.0696621865018428,1
0.4,9.31226751861259e-15,-0.108811747236032,-0.0272029368090081,1
0.401,0.309016994374958,0.0873686448274218,0.0218421612068555,1
0.402,0.587785252292484,0.143832529223501,0.0359581323058752,1
0.403,0.809016994374956,0.855028519216675,0.213757129804169,1
0.404,0.951056516295154,0.85595127473686,0.213987818684215,1
0.405,1,1.09567547572091,0.273918868930229,1
0.406,0.951056516295152,0.514092539911092,0.128523134977773,1
0.407,0.809016994374943,1.20556734494038,0.301391836235095,1
0.408,0.587785252292466,0.733946433557794,0.183486608389448,1
0.409,0.309016994374951,-0.160970880369021,-0.0402427200922553,1
0.41,-1.27425165174984e-14,0.317117888684845,0.0792794721712113,1
0.411,-0.309016994374948,-0.485290333348737,-0.121322583337184,1
0.412,-0.587785252292486,-0.49711876691277,-0.124279691728193,1
0.413,-0.80901699437495,-0.743178277848655,-0.185794569462164,1
0.414,-0.95105651629516,-1.21451684674886,-0.303629211687215,1
0.415,-1,-1.85841992778125,-0.464604981945313,0
0.416,-0.951056516295146,-0.790389927319571,-0.197597481829893,1
0.417,-0.809016994374958,-0.911628187345563,-0.227907046836391,1
0.418,-0.587785252292474,-0.767142908713287,-0.191785727178322,1
0.419,-0.309016994374961,-0.18334318185187,-0.0458357954629675,1
0.42,1.96191080118212e-15,-0.206904216232111,-0.0517260540580277,1
0.421,0.309016994374937,0.510374306762219,0.127593576690555,1
0.422,0.587785252292478,0.633054490448183,0.158263622612046,1
0.423,0.809016994374943,0.511621328924404,0.127905332231101,1
0.424,0.951056516295156,1.20210550061966,0.300526375154914,1
0.425,1,1.14235269107058,0.285588172767645,1
0.426,0.951056516295159,1.32670627272613,0.331676568181534,1
0.427,0.809016994374947,0.541230197676749,0.135307549419187,1
0.428,0.587785252292483,0.319202983481972,0.0798007458704929,1
0.429,0.309016994374944,0.403014772632776,0.100753693158194,1
0.43,8.81869491513412e-15,0.200109948380671,0.0500274870951677,1
0.431,-0.309016994374954,-0.0605820286838935,-0.0151455071709734,1
0.432,-0.587785252292469,-0.585832468824274,-0.146458117206068,1
0.433,-0.809016994374954,-0.87978465351597,-0.219946163378993,1
0.434,-0.951056516295153,-0.7552101878093,-0.188802546952325,1
0.435,-1,-0.410640246531658,-0.102660061632914,1
0.436,-0.951056516295153,-0.685681264252423,-0.171420316063106,1
0.437,-0.809016994374954,-0.783655907252108,-0.195913976813027,1
0.438,-0.587785252292469,-0.760139470670015,-0.190034867667504,1
0.439,-0.309016994374954,-0.159091805151933,-0.0397729512879832,1
0.44,8.82240879895365e-15,-0.145231344783546,-0.0363078361958866,1
0.441,0.309016994374944,0.380550685069502,0.0951376712673756,1
0.442,0.587785252292483,0.821259709734963,0.205314927433741,1
0.443,0.809016994374947,1.08629887394372,0.271574718485929,1
0.444,0.951056516295159,1.12749789058323,0.281874472645807,1
0.445,1,1.41338028316138,0.353345070790345,1
0.446,0.951056516295156,1.50641799613425,0.376604499033562,1
0.447,0.809016994374943,0.239717564141539,0.0599293910353847,1
0.448,0.587785252292478,0.0541799985601332,0.0135449996400333,1
0.449,0.309016994374937,0.0322246233929174,0.00805615584822934,1
0.45,1.95819691736259e-15,-0.599378125088267,-0.149844531272067,1
0.451,-0.309016994374961,-0.416147011691767,-0.104036752922942,1
0.452,-0.587785252292474,-0.688705480259121,-0.17217637006478,1
0.453,-0.809016994374958,-0.733889192938784,-0.183472298234696,1
0.454,-0.951056516295155,-0.865207945944101,-0.216301986486025,1
0.455,-1,-1.20585057043373,-0.301462642608432,1
0.456,-0.951056516295151,-1.1950508626185,-0.298762715654625,1
0.457,-0.80901699437495,-0.570996226719387,-0.142749056679847,1
0.458,-0.587785252292463,-0.702368828477863,-0.175592207119466,1
0.459,-0.309016994374948,-0.720378245423842,-0.18009456135596,1
0.46,1.56829067967252e-14,0.0030922363276794,0.000773059081919851,1
0.461,0.309016994374951,0.370256608099344,0.0925641520248361,1
0.462,0.587785252292489,0.464477600395127,0.116119400098782,1
0.463,0.809016994374951,1.00808534817825,0.252021337044561,1
0.464,0.951056516295152,1.01879115812548,0.254697789531371,1
0.465,1,0.936147066060527,0.234036766515132,1
0.466,0.951056516295154,0.937846144991454,0.234461536247863,1
0.467,0.809016994374939,0.946471541231956,0.236617885307989,1
0.468,0.587785252292472,0.455360038649942,0.113840009662486,1
0.469,0.309016994374931,-0.00746702230827206,-0.00186675557706802,1
0.47,-4.90230108040894e-15,-0.0466752778517529,-0.0116688194629382,1
0.471,-0.309016994374967,-0.27027263539937,-0.0675681588498424,1
0.472,-0.58778525229248,-0.434956754013217,-0.108739188503304,1
0.473,-0.809016994374962,-0.818054053223258,-0.204513513305814,1
0.474,-0.951056516295157,-1.08826600119917,-0.272066500299792,1
0.475,-1,-0.82109931227006,-0.205274828067515,1
0.476,-0.951056516295149,-0.98511505000174,-0.246278762500435,1
0.477,-0.809016994374946,-0.566909669742612,-0.141727417435653,1
0.478,-0.587785252292458,-0.614726074166871,-0.153681518541718,1
0.479,-0.309016994374941,-0.310904631938555,-0.0777261579846388,1
0.48,-5.8783046359073e-15,-0.0275582014325718,-0.00688955035814296,1
0.481,0.30901699437493,0.0326455097199937,0.00816137742999844,1
0.482,0.587785252292471,0.309699792322751,0.0774249480806878,1
0.483,0.809016994374939,0.520650792549296,0.130162698137324,1
0.484,0.951056516295154,1.4865054679552,0.371626366988801,1
0.485,1,0.939943304135115,0.234985826033779,1
0.486,0.951056516295152,1.23318001258103,0.308295003145257,1
0.487,0.809016994374952,0.913763895521575,0.228440973880394,1
0.488,0.587785252292466,1.1455693424984,0.286392335624601,1
0.489,0.309016994374951,0.58713858632346,0.146784646580865,1
0.49,-1.17627990781805e-14,-0.368089153144725,-0.0920222882861813,1
0.491,-0.309016994374947,-0.407188736523214,-0.101797184130804,1
0.492,-0.587785252292462,-0.320291332080062,-0.0800728330200155,1
0.493,-0.809016994374949,-0.722561320935793,-0.180640330233948,1
0.494,-0.951056516295151,-0.271497886223451,-0.0678744715558626,1
0.495,-1,-1.01436709913913,-0.253591774784782,1
0.496,-0.951056516295155,-1.41661573685483,-0.354153934213707,1
0.497,-0.809016994374942,-0.675792000765454,-0.168948000191363,1
0.498,-0.587785252292475,-0.861330915335335,-0.215332728833834,1
0.499,-0.309016994374935,-0.294186600113319,-0.0735466500283297,1
0.5,9.82193361864236e-16,0.323413762445811,0.0808534406114528,1
0.501,0.309016994374937,0.401470622369274,0.100367655592319,1
0.502,0.587785252292477,0.67767681510311,0.169419203775777,1
0.503,0.809016994374943,0.749851457712408,0.187462864428102,1
0.504,0.951056516295156,0.907129786412303,0.226782446603076,1
0.505,1,0.969078739066326,0.242269684766581,1
0.506,0.95105651629515,0.111361932545423,0.0278404831363557,1
0.507,0.809016994374948,0.926999547188556,0.231749886797139,1
0.508,0.587785252292461,0.884859398088023,0.221214849522006,1
0.509,0.309016994374945,-0.0802728788266623,-0.0200682197066656,1
0.51,9.798412354452e-15,-0.45659050861121,-0.114147627152802,1
0.511,-0.309016994374953,-0.122713602075791,-0.0306784005189477,1
0.512,-0.587785252292468,-1.04004202782959,-0.260010506957397,1
0.513,-0.809016994374953,-1.31283763588234,-0.328209408970586,1
0.514,-0.951056516295153,-0.714363656076036,-0.178590914019009,1
0.515,-1,-1.1962847081604,-0.299071177040099,1
0.516,-0.951056516295153,-0.577585613200082,-0.14439640330002,1
0.517,-0.809016994374938,-1.19669631973443,-0.299174079933608,1
0.518,-0.58778525229247,-0.772090994379248,-0.193022748594812,1
0.519,-0.309016994374928,-0.236508430968382,-0.0591271077420956,1
0.52,7.84269135963577e-15,0.164804744397545,0.0412011860993863,1
0.521,0.309016994374916,0.44930728964373,0.112326822410933,1
0.522,0.587785252292482,0.645222353195194,0.161305588298798,1
0.523,0.80901699437493,0.740075507644941,0.185018876911235,1
0.524,0.951056516295158,0.77729146431822,0.194322866079555,1
0.525,1,1.14414435315005,0.286036088287512,1
0.526,0.951056516295148,0.835006723735129,0.208751680933782,1
0.527,0.809016994374961,0.935501656785773,0.233875414196443,1
0.528,0.587785252292455,0.91409700887308,0.22852425221827,1
0.529,0.309016994374965,-0.365782575158236,-0.091445643789559,1
0.53,2.93791435668047e-15,0.541344041870791,0.135336010467698,1
0.531,-0.309016994374933,-0.498635108204504,-0.124658777051126,1
0.532,-0.587785252292474,-0.192847790133493,-0.0482119475333732,1
0.533,-0.80901699437494,-0.343539376827742,-0.0858848442069356,1
0.534,-0.951056516295155,-1.39172894734718,-0.347932236836796,1
0.535,-1,-0.94691849317391,-0.236729623293478,1
0.536,-0.951056516295151,0.0888214580223596,0.0222053645055899,1
0.537,-0.809016994374967,-0.873405011708477,-0.218351252927119,1
0.538,-0.587785252292464,-0.441900483266547,-0.110475120816637,1
0.539,-0.309016994374976,-0.209751458398082,-0.0524378645995205,1
0.54,1.47031893574073e-14,0.380370624278966,0.0950926560697416,1
0.541,0.309016994374923,0.636171256038305,0.159042814009576,1
0.542,0.587785252292488,0.303850069191747,0.0759625172979368,1
0.543,0.809016994374934,0.677467251291726,0.169366812822931,1
0.544,0.95105651629516,1.05402271797482,0.263505679493705,1
0.545,1,0.982478985416047,0.245619746354012,1
0.546,0.951056516295146,1.71154892261567,0.427887230653917,0
0.547,0.809016994374957,0.940610625703017,0.235152656425754,1
0.548,0.587785252292473,0.719040567692024,0.179760141923006,1
0.549,0.309016994374959,0.0577141958188411,0.0144285489547103,1
0.55,-3.92258364109106e-15,-0.39225078480743,-0.0980626962018575,1
0.551,-0.309016994374939,-0.0707741797484429,-0.0176935449371107,1
0.552,-0.587785252292479,-0.646964389126161,-0.16174109728154,1
0.553,-0.809016994374944,-0.614271149498599,-0.15356778737465,1
0.554,-0.951056516295157,-1.20049879794306,-0.300124699485764,1
0.555,-1,-0.731213781999653,-0.182803445499913,1
0.556,-0.951056516295149,-1.49510244242363,-0.373775610605906,1
0.557,-0.809016994374963,-0.339011958190572,-0.0847529895476431,1
0.558,-0.587785252292458,-0.33383505292485,-0.0834587632312124,1
0.559,-0.309016994374969,-0.275970543498307,-0.0689926358745768,1
0.56,2.15636873551788e-14,-0.348330458524848,-0.0870826146312119,1
0.561,0.309016994374929,0.18975628360635,0.0474390709015875,1
0.562,0.587785252292493,0.664073545604641,0.16601838640116,1
0.563,0.809016994374938,1.17135382519722,0.292838456299304,1
0.564,0.951056516295162,0.640994032485188,0.160248508121297,1
0.565,1,1.38854402628576,0.347136006571441,1
0.566,0.951056516295144,1.78149342629781,0.445373356574452,0
0.567,0.809016994374953,0.660412849557243,0.165103212389311,1
0.568,0.587785252292467,0.728414909619026,0.182103727404757,1
0.569,0.309016994374952,0.11182792822815,0.0279569820570375,1
0.57,-1.07830816388626e-14,-0.515087172682308,-0.128771793170577,1
0.571,-0.309016994374946,0.132138736856974,0.0330346842142435,1
0.572,-0.587785252292485,-0.379544072612377,-0.0948860181530942,1
0.573,-0.809016994374932,-0.962226090377324,-0.240556522594331,1
0.574,-0.951056516295159,-0.917040301298899,-0.229260075324725,1
0.575,-1,-1.0689421442992,-0.267235536074801,1
0.576,-0.951056516295147,-1.38957636830094,-0.347394092075236,1
0.577,-0.809016994374959,-1.67371783635686,-0.418429459089214,0
0.578,-0.587785252292453,-0.602025534551264,-0.150506383637816,1
0.579,-0.309016994374963,-0.44775677948353,-0.111939194870882,1
0.58,2.84241853529504e-14,-0.172993768425309,-0.0432484421063273,1
0.581,0.309016994374936,0.0552264865240982,0.0138066216310246,1
0.582,0.587785252292499,0.0426145980623985,0.0106536495155996,1
0.583,0.809016994374942,0.652497810044308,0.163124452511077,1
0.584,0.951056516295147,0.999487279709347,0.249871819927337,1
0.585,1,0.681456737539628,0.170364184384907,1
0.586,0.951056516295159,1.08620463806149,0.271551159515373,1
0.587,0.809016994374949,0.727177572407807,0.181794393101952,1
0.588,0.587785252292485,0.557348947072027,0.139337236768007,1
0.589,0.309016994374946,-0.119714790003654,-0.0299286975009136,1
0.59,1.07781297937699e-14,-0.229322831607403,-0.0573307079018508,1
0.591,-0.309016994374952,-0.185975731381355,-0.0464939328453386,1
0.592,-0.587785252292467,-0.824765077010615,-0.206191269252654,1
0.593,-0.809016994374936,-0.760525855564137,-0.190131463891034,1
0.594,-0.951056516295152,-0.357685317086105,-0.0894213292715262,1
0.595,-1,-0.761420071807071,-0.190355017951768,1
0.596,-0.951056516295154,-0.639846496344346,-0.159961624086087,1
0.597,-0.809016994374955,-0.100918004891923,-0.0252295012229808,1
0.598,-0.58778525229247,-0.235166722384708,-0.0587916805961771,1
0.599,-0.309016994374956,-0.189694866533989,-0.0474237166334973,1
0.6,6.86297392031788e-15,0.585374615032353,0.585374615032353,0
0.601,0.309016994374942,0.0376200851133888,0.0376200851133888,1
0.602,0.587785252292458,0.383139594822494,0.383139594822494,1
0.603,0.809016994374946,1.41450446738792,1.41450446738792,0
0.604,0.951056516295149,1.08735946980351,1.08735946980351,0
0.605,1,0.987368746054293,0.987368746054293,0
0.606,0.951056516295157,1.08850670756763,1.08850670756763,0
0.607,0.809016994374944,0.729773753565493,0.729773753565493,0
0.608,0.587785252292479,0.500189708086983,0.500189708086983,0
0.609,0.309016994374939,0.192977551297534,0.192977551297534,1
0.61,3.91763179599835e-15,-0.166197879897791,-0.166197879897791,1
0.611,-0.309016994374932,-0.592135372903806,-0.592135372903806,0
0.612,-0.587785252292473,-0.605739707087138,-0.605739707087138,0
0.613,-0.80901699437494,-0.981422425406782,-0.981422425406782,0
0.614,-0.951056516295155,-0.518499926465649,-0.518499926465649,0
0.615,-1,-0.929341981068488,-0.929341981068488,0
0.616,-0.951056516295152,-0.644643551171934,-0.644643551171934,0
0.617,-0.809016994374951,-0.850966154257684,-0.850966154257684,0
0.618,-0.587785252292465,-0.612250583210239,-0.612250583210239,0
0.619,-0.30901699437495,0.0684570312125571,0.0684570312125571,1
0.62,1.37234719180894e-14,0.44056020059882,0.44056020059882,0
0.621,0.309016994374949,0.318899251186718,0.318899251186718,1
0.622,0.587785252292464,1.09552869588112,1.09552869588112,0
0.623,0.80901699437495,0.951735561891429,0.951735561891429,0
0.624,0.951056516295151,1.06161558182046,1.06161558182046,0
0.625,1,1.65760021726992,1.65760021726992,0
0.626,0.951056516295155,1.41176204775337,1.41176204775337,0
0.627,0.80901699437494,1.08119505897181,1.08119505897181,0
0.628,0.587785252292474,0.708463126999058,0.708463126999058,0
0.629,0.309016994374933,0.14750239408481,0.14750239408481,1
0.63,-2.94286620177318e-15,-0.0345646464917904,-0.0345646464917904,1
0.631,-0.309016994374938,0.23758302221596,0.23758302221596,1
0.632,-0.587785252292478,-1.19423724971056,-1.19423724971056,0
0.633,-0.809016994374944,-1.00011023259191,-1.00011023259191,0
0.634,-0.951056516295157,-1.00769748354319,-1.00769748354319,0
0.635,-1,-0.955517487416597,-0.955517487416597,0
0.636,-0.951056516295149,-1.48622052948439,-1.48622052948439,0
0.637,-0.809016994374947,-0.650296729989354,-0.650296729989354,0
0.638,-0.587785252292459,-0.36886569385028,-0.36886569385028,1
0.639,-0.309016994374943,-0.591057471394678,-0.591057471394678,0
0.64,-7.83773951454306e-15,-0.0777860848787846,-0.0777860848787846,1
0.641,0.309016994374955,-0.0550464556966639,-0.0550464556966639,1
0.642,0.58778525229247,1.07515015234231,1.07515015234231,0
0.643,0.809016994374954,0.921070716861931,0.921070716861931,0
0.644,0.951056516295153,0.875788977887376,0.875788977887376,0
0.645,1,0.722363229547291,0.722363229547291,0
0.646,0.951056516295153,0.980654615152024,0.980654615152024,0
0.647,0.809016994374936,1.31430094639053,1.31430094639053,0
0.648,0.587785252292468,0.670363072216311,0.670363072216311,0
0.649,0.309016994374953,0.415003808194059,0.415003808194059,0
0.65,1.86183452308593e-14,-0.360112668942964,-0.360112668942964,1
0.651,-0.309016994374945,-0.259178391607383,-0.259178391607383,1
0.652,-0.587785252292461,-0.354936723116452,-0.354936723116452,1
0.653,-0.809016994374948,-1.22344761528987,-1.22344761528987,0
0.654,-0.95105651629515,-0.61257281020977,-0.61257281020977,0
0.655,-1,-0.260368124490071,-0.260368124490071,1
0.656,-0.951056516295165,-1.41843168181989,-1.41843168181989,0
0.657,-0.809016994374943,-1.42901134044048,-1.42901134044048,0
0.658,-0.5877852522925,-0.609564851936054,-0.609564851936054,0
0.659,-0.309016994374937,-0.081283562313089,-0.081283562313089,1
0.66,-2.93989509471755e-14,-0.0244992445319597,-0.0244992445319597,1
0.661,0.309016994374962,0.261475007181854,0.261475007181854,1
0.662,0.587785252292452,0.589734663242837,0.589734663242837,0
0.663,0.809016994374958,0.489634653884492,0.489634653884492,0
0.664,0.951056516295147,0.457881994260245,0.457881994260245,0
0.665,1,1.47446494840094,1.47446494840094,0
0.666,0.951056516295159,1.0388407584016,1.0388407584016,0
0.667,0.809016994374932,0.452734420878224,0.452734420878224,0
0.668,0.587785252292485,0.910566273262167,0.910566273262167,0
0.669,0.309016994374947,-0.0801944860053616,-0.0801944860053616,1
0.67,1.17578472330878e-14,-0.0365310689492183,-0.0365310689492183,1
0.671,-0.309016994374951,-0.0867855327113617,-0.0867855327113617,1
0.672,-0.587785252292466,-0.840000539979175,-0.840000539979175,0
0.673,-0.809016994374952,-0.9138582354928,-0.9138582354928,0
0.674,-0.951056516295143,-0.942166929278302,-0.942166929278302,0
0.675,-1,-0.414287961860997,-0.414287961860997,0
0.676,-0.951056516295163,-0.813349456712912,-0.813349456712912,0
0.677,-0.809016994374939,-0.928810573515423,-0.928810573515423,0
0.678,-0.587785252292494,-0.655400645296502,-0.655400645296502,0
0.679,-0.30901699437493,-0.393101877236899,-0.393101877236899,1
0.68,-2.2538452949404e-14,0.39201736877342,0.39201736877342,1
0.681,0.309016994374968,0.223704453914798,0.223704453914798,1
0.682,0.587785252292458,0.350272105341486,0.350272105341486,1
0.683,0.809016994374962,0.881202660849036,0.881202660849036,0
0.684,0.951056516295149,0.922662721144671,0.922662721144671,0
0.685,1,1.23797040334233,1.23797040334233,0
0.686,0.951056516295157,1.23888837483409,1.23888837483409,0
0.687,0.809016994374928,1.13514783992836,1.13514783992836,0
0.688,0.58778525229248,0.781935866686063,0.781935866686063,0
0.689,0.30901699437494,0.498782045419688,0.498782045419688,0
0.69,4.89734923531624e-15,0.570982896798565,0.570982896798565,0
0.691,-0.309016994374958,-0.657024655544222,-0.657024655544222,0
0.692,-0.587785252292472,-0.69197803116875,-0.69197803116875,0
0.693,-0.809016994374956,-1.3175363915996,-1.3175363915996,0
0.694,-0.951056516295145,-0.675240698584267,-0.675240698584267,0
0.695,-1,-0.993540634943419,-0.993540634943419,0
0.696,-0.951056516295161,-1.04085861641798,-1.04085861641798,0
0.697,-0.809016994374935,-1.32532174740267,-1.32532174740267,0
0.698,-0.587785252292489,-0.532755690955888,-0.532755690955888,0
0.699,-0.309016994374923,-0.386936683387692,-0.386936683387692,1
0.7,-1.56779549516325e-14,-0.40643668394368,-0.40643668394368,0
0.701,0.309016994374975,-0.0382156057780224,-0.0382156057780224,1
0.702,0.587785252292463,0.359189344357013,0.359189344357013,1
0.703,0.809016994374966,0.733927118222645,0.733927118222645,0
0.704,0.951056516295151,0.456427590686888,0.456427590686888,0
0.705,1,0.945402814819147,0.945402814819147,0
0.706,0.951056516295155,1.13576268521121,1.13576268521121,0
0.707,0.809016994374941,0.696014713114724,0.696014713114724,0
0.708,0.587785252292474,0.378374671416669,0.378374671416669,1
0.709,0.309016994374934,0.400253723383993,0.400253723383993,0
0.71,-1.9631487624553e-15,0.330323975724575,0.330323975724575,1
0.711,-0.309016994374964,-0.442999385686313,-0.442999385686313,0
0.712,-0.587785252292455,-0.727798926922902,-0.727798926922902,0
0.713,-0.809016994374943,-1.23976318874845,-1.23976318874845,0
0.714,-0.951056516295148,-1.24437134886051,-1.24437134886051,0
0.715,-1,-0.818231620145536,-0.818231620145536,0
0.716,-0.951056516295159,-0.985152873718905,-0.985152873718905,0
0.717,-0.809016994374947,-0.579648529078012,-0.579648529078012,0
0.718,-0.587785252292483,-0.386816015661984,-0.386816015661984,1
0.719,-0.309016994374944,-0.196281887742303,-0.196281887742303,1
0.72,-8.81745695386094e-15,0.229995844251935,0.229995844251935,1
0.721,0.309016994374954,0.766058547757185,0.766058547757185,0
0.722,0.587785252292469,0.760832510433528,0.760832510433528,0
0.723,0.809016994374937,0.936808899211167,0.936808899211167,0
0.724,0.951056516295153,0.938177225130862,0.938177225130862,0
0.725,1,0.627321096627636,0.627321096627636,0
0.726,0.951056516295153,0.799571014852613,0.799571014852613,0
0.727,0.809016994374954,0.906772387619517,0.906772387619517,0
0.728,0.587785252292469,0.254358240493591,0.254358240493591,1
0.729,0.309016994374954,0.449472291607703,0.449472291607703,0
0.73,-8.82364676022683e-15,0.0967838628573861,0.0967838628573861,1
0.731,-0.309016994374944,-0.279010563088573,-0.279010563088573,1
0.732,-0.58778525229246,-0.497354878046169,-0.497354878046169,0
0.733,-0.809016994374947,-0.801869903100334,-0.801869903100334,0
0.734,-0.95105651629515,-0.957672936554052,-0.957672936554052,0
0.735,-1,-1.00262737862562,-1.00262737862562,0
0.736,-0.951056516295156,-0.672219976950184,-0.672219976950184,0
0.737,-0.809016994374943,-0.836146687985428,-0.836146687985428,0
0.738,-0.587785252292478,-1.38012898853994,-1.38012898853994,0
0.739,-0.309016994374937,-0.454861992064816,-0.454861992064816,0
0.74,-1.95695895608941e-15,0.0587908866220581,0.0587908866220581,1
0.741,0.309016994374934,0.596933656549874,0.596933656549874,0
0.742,0.587785252292474,1.00188256621162,1.00188256621162,0
0.743,0.809016994374941,0.526577902988073,0.526577902988073,0
0.744,0.951056516295155,1.17931694761425,1.17931694761425,0
0.745,1,1.07137613437371,1.07137613437371,0
0.746,0.951056516295151,0.888544478462838,0.888544478462838,0
0.747,0.80901699437495,0.816438754147233,0.816438754147233,0
0.748,0.587785252292463,0.57935792121069,0.57935792121069,0
0.749,0.309016994374948,0.351124732840975,3.35112473284098,1
0.75,1.27375646724056e-14,0.0712758548021411,3.07127585480214,1
0.751,-0.309016994374951,-0.510481612041396,2.4895183879586,1
0.752,-0.587785252292466,-0.901285257808768,2.09871474219123,0
0.753,-0.809016994374951,-0.519287001815014,2.48071299818499,1
0.754,-0.951056516295152,-1.01698347247266,1.98301652752734,0
0.755,-1,-0.575639242691322,2.42436075730868,1
0.756,-0.951056516295154,-1.22831251307322,1.77168748692678,0
0.757,-0.809016994374939,-0.987259240347165,2.01274075965284,0
0.758,-0.587785252292472,-0.161402616857599,2.8385973831424,1
0.759,-0.309016994374931,0.113265299637969,3.11326529963797,1
0.76,4.90353904168212e-15,-0.308700226645025,-0.308700226645025,1
0.761,0.30901699437494,0.370970663795274,0.370970663795274,1
0.762,0.58778525229248,0.990118644063225,0.990118644063225,0
0.763,0.809016994374945,1.20883196661276,1.20883196661276,0
0.764,0.951056516295157,0.565588105120264,0.565588105120264,0
0.765,1,1.48551276728298,1.48551276728298,0
0.766,0.951056516295149,1.14954964673022,1.14954964673022,0
0.767,0.809016994374946,0.877220927055999,0.877220927055999,0
0.768,0.587785252292458,0.520112413076285,0.520112413076285,0
0.769,0.309016994374941,0.0192189631830582,0.0192189631830582,1
0.77,5.87706667463412e-15,0.028505358303592,0.028505358303592,1
0.771,-0.309016994374957,-0.386036744643484,-0.386036744643484,1
0.772,-0.587785252292471,0.105254169349285,0.105254169349285,1
0.773,-0.809016994374955,-0.751999077759024,-0.751999077759024,0
0.774,-0.951056516295154,-1.0030777145027,-1.0030777145027,0
0.775,-1,-1.00420864692273,-1.00420864692273,0
0.776,-0.951056516295152,-1.13487801037909,-1.13487801037909,0
0.777,-0.809016994374935,-0.187477011124736,-0.187477011124736,1
0.778,-0.587785252292466,-0.39667802669234,-0.39667802669234,1
0.779,-0.309016994374951,-0.286548814536011,-0.286548814536011,1
0.78,1.17640370394537e-14,0.336980157957201,0.336980157957201,1
0.781,0.309016994374947,0.299078613026964,0.299078613026964,1
0.782,0.587785252292485,0.558460940668225,0.558460940668225,0
0.783,0.809016994374949,0.642031026251047,0.642031026251047,0
0.784,0.951056516295159,0.766406814470622,0.766406814470622,0
0.785,1,1.4813659628793,1.4813659628793,0
0.786,0.951056516295147,1.18160514653745,1.18160514653745,0
0.787,0.809016994374942,0.8350970363588,0.8350970363588,0
0.788,0.587785252292452,1.09909299402111,1.09909299402111,0
0.789,0.309016994374935,0.316107150976373,0.316107150976373,1
0.79,-9.83431323137413e-16,0.0870128459185679,0.0870128459185679,1
0.791,-0.309016994374964,-0.734986756263138,-0.734986756263138,0
0.792,-0.587785252292477,-0.445203185209434,-0.445203185209434,0
0.793,-0.809016994374943,-1.24321270567488,-1.24321270567488,0
0.794,-0.951056516295156,-1.2475405142467,-1.2475405142467,0
0.795,-1,-0.715186143210409,-0.715186143210409,0
0.796,-0.95105651629515,-0.845689323931215,-0.845689323931215,0
0.797,-0.809016994374965,-1.07070146618428,-1.07070146618428,0
0.798,-0.587785252292461,-0.707223403749807,-0.707223403749807,0
0.799,-0.309016994374972,-0.232086229397217,-0.232086229397217,1
0.8,1.86245350372252e-14,0.066007635820616,0.066007635820616,1
0.801,0.309016994374926,-0.204415180390809,-0.204415180390809,1
0.802,0.587785252292491,0.226058679970483,0.226058679970483,1
0.803,0.809016994374936,0.277142899226764,0.277142899226764,1
0.804,0.951056516295162,0.929309023643362,0.929309023643362,0
0.805,1,0.48366554578952,0.48366554578952,0
0.806,0.951056516295145,1.16162088512286,1.16162088512286,0
0.807,0.809016994374954,0.507376595948915,0.507376595948915,0
0.808,0.58778525229247,0.255857205755311,0.255857205755311,1
0.809,0.309016994374955,0.846184965407525,0.846184965407525,0
0.81,-7.84392932090894e-15,0.648715246792865,0.648715246792865,0
0.811,-0.309016994374943,-0.55480024967962,-0.55480024967962,0
0.812,-0.587785252292482,-0.598900129211854,-0.598900129211854,0
0.813,-0.80901699437493,-0.220115796657273,-0.220115796657273,1
0.814,-0.951056516295158,-1.11313642755812,-1.11313642755812,0
0.815,-1,-0.484748862176001,-0.484748862176001,0
0.816,-0.951056516295148,-0.705114031841243,-0.705114031841243,0
0.817,-0.809016994374944,-0.792360744252267,-0.792360744252267,0
0.818,-0.587785252292478,-0.693722852856959,-0.693722852856959,0
0.819,-0.309016994374965,0.198927791738897,0.198927791738897,1
0.82,2.54850330349967e-14,0.213315121494101,0.213315121494101,1
0.821,0.30901699437496,0.119187813375821,0.119187813375821,1
0.822,0.587785252292474,0.705603168500414,0.705603168500414,0
0.823,0.80901699437494,0.545628524536671,0.545628524536671,0
0.824,0.951056516295164,0.995740145058058,0.995740145058058,0
0.825,1,1.45956342863794,1.45956342863794,0
0.826,0.951056516295151,1.11061084465509,1.11061084465509,0
0.827,0.80901699437495,0.581116859631562,0.581116859631562,0
0.828,0.587785252292487,0.692180494503913,0.692180494503913,0
0.829,0.309016994374976,0.0996761843674488,0.0996761843674488,1
0.83,-1.47044273186805e-14,0.605794432003801,0.605794432003801,0
0.831,-0.30901699437495,-0.847126854594671,-0.847126854594671,0
0.832,-0.587785252292465,-0.785637518015527,-0.785637518015527,0
0.833,-0.809016994374934,-0.577580992987629,-0.577580992987629,0
0.834,-0.951056516295143,-1.19715884513641,-1.19715884513641,0
0.835,-1,-0.994633545453821,-0.994633545453821,0
0.836,-0.951056516295155,-0.754695949245808,-0.754695949245808,0
0.837,-0.809016994374957,-0.431707364440563,-0.431707364440563,0
0.838,-0.587785252292496,-0.865909249455976,-0.865909249455976,0
0.839,-0.309016994374932,-0.35998029423531,-0.35998029423531,1
0.84,3.92382160236424e-15,-0.141501746280938,-0.141501746280938,1
0.841,0.309016994374939,0.274746947605703,0.274746947605703,1
0.842,0.587785252292456,0.698631319973254,0.698631319973254,0
0.843,0.809016994374928,0.623432410813004,0.623432410813004,0
0.844,0.951056516295157,1.19109105347476,1.19109105347476,0
0.845,1,1.12800881570031,1.12800881570031,0
0.846,0.951056516295158,0.809357289735287,0.809357289735287,0
0.847,0.809016994374963,0.891802528508193,0.891802528508193,0
0.848,0.587785252292458,0.883053382036331,0.883053382036331,0
0.849,0.309016994374942,0.606949225448052,0.606949225448052,0
0.85,6.856784113952e-15,0.200462736758569,0.200462736758569,1
0.851,-0.309016994374929,-0.328516521657424,-0.328516521657424,1
0.852,-0.587785252292447,-0.773814842522115,-0.773814842522115,0
0.853,-0.809016994374955,-0.741785714238036,-0.741785714238036,0
0.854,-0.951056516295154,-1.09089737479027,-1.09089737479027,0
0.855,-1,-1.09962606411618,-1.09962606411618,0
0.856,-0.951056516295161,-0.673612074278981,-0.673612074278981,0
0.857,-0.809016994374936,-0.374909338226547,-0.374909338226547,1
0.858,-0.587785252292467,-0.409035620045882,-0.409035620045882,0
0.859,-0.309016994374952,0.306964172503493,0.306964172503493,1
0.86,-1.76373898302682e-14,-0.458775102501645,-0.458775102501645,0
0.861,0.309016994374919,0.315823266935408,0.315823266935408,1
0.862,0.587785252292485,0.61637069532547,0.61637069532547,0
0.863,0.809016994374949,1.2933748949148,1.2933748949148,0
0.864,0.95105651629515,1.10143846787944,1.10143846787944,0
0.865,1,0.902847936672795,0.902847936672795,0
0.866,0.951056516295147,1.11732149932403,1.11732149932403,0
0.867,0.809016994374942,1.00175003096498,1.00175003096498,0
0.868,0.587785252292476,0.642572786635389,0.642572786635389,0
0.869,0.309016994374963,-0.299225918165449,-0.299225918165449,1
0.87,-2.84254233142235e-14,0.306924282601522,0.306924282601522,1
0.871,-0.309016994374963,-1.35647953958179,-1.35647953958179,0
0.872,-0.587785252292476,-0.554938361741988,-0.554938361741988,0
0.873,-0.809016994374942,-1.27441643699225,-1.27441643699225,0
0.874,-0.951056516295147,-1.05758979014608,-1.05758979014608,0
0.875,-1,-0.58043275578541,-0.58043275578541,0
0.876,-0.95105651629515,-1.10509900334395,-1.10509900334395,0
0.877,-0.809016994374949,-0.233863101437939,-0.233863101437939,1
0.878,-0.587785252292485,-0.354262083230038,-0.354262083230038,1
0.879,-0.309016994374919,-0.382953527418055,-0.382953527418055,1
0.88,1.76448175979073e-14,-0.271059496167212,-0.271059496167212,1
0.881,0.309016994374952,0.160246316927128,0.160246316927128,1
0.882,0.587785252292467,0.700133688137857,0.700133688137857,0
0.883,0.809016994374936,0.0978573646205959,0.0978573646205959,1
0.884,0.951056516295161,1.13557511859765,1.13557511859765,0
0.885,1,1.08383949454787,1.08383949454787,0
0.886,0.951056516295154,1.19671604277263,1.19671604277263,0
0.887,0.809016994374955,1.42326895699027,1.42326895699027,0
0.888,0.587785252292447,0.490661946941303,0.490661946941303,0
0.889,0.309016994374929,0.0148543064944719,0.0148543064944719,1
0.89,-6.86421188159106e-15,0.353890251143998,0.353890251143998,1
0.891,-0.309016994374942,-0.0406421684187838,-0.0406421684187838,1
0.892,-0.587785252292458,-0.630664439208979,-0.630664439208979,0
0.893,-0.809016994374963,-0.987058153172288,-0.987058153172288,0
0.894,-0.951056516295158,-0.876381356796879,-0.876381356796879,0
0.895,-1,-1.33893470326338,-1.33893470326338,0
0.896,-0.951056516295157,-0.931228131939922,-0.931228131939922,0
0.897,-0.809016994374928,-1.00039437267862,-1.00039437267862,0
0.898,-0.587785252292456,-0.833577546263817,-0.833577546263817,0
0.899,-0.309016994374939,-0.0186309378743159,-0.0186309378743159,1
0.9,-3.91639383472518e-15,0.00910470295516938,0.00910470295516938,1
0.901,0.309016994374932,0.714345951521451,0.714345951521451,0
0.902,0.587785252292496,0.261872973478718,0.261872973478718,1
0.903,0.809016994374957,0.881096506096308,0.881096506096308,0
0.904,0.951056516295155,0.637202132656646,0.637202132656646,0
0.905,1,1.1856152934058,1.1856152934058,0
0.906,0.951056516295143,1.34256677866218,1.34256677866218,0
0.907,0.809016994374934,1.11606431878544,1.11606431878544,0
0.908,0.587785252292465,-0.0468294828927113,-0.0468294828927113,1
0.909,0.30901699437495,0.513535654570851,0.513535654570851,0
0.91,1.46969995510414e-14,0.00261278262736126,0.00261278262736126,1
0.911,-0.309016994374976,-0.208734995876769,-0.208734995876769,1
0.912,-0.587785252292487,-0.752009081248859,-0.752009081248859,0
0.913,-0.80901699437495,-1.30431229727462,-1.30431229727462,0
0.914,-0.951056516295151,-0.683218532751153,-0.683218532751153,0
0.915,-1,-1.15211666497988,-1.15211666497988,0
0.916,-0.951056516295146,-1.04999386112232,-1.04999386112232,0
0.917,-0.80901699437494,-0.758510854900249,-0.758510854900249,0
0.918,-0.587785252292474,0.173236756749189,0.173236756749189,1
0.919,-0.30901699437496,0.379071004046675,0.379071004046675,1
0.92,3.13658135934504e-14,-0.395598275237729,-0.395598275237729,1
0.921,0.309016994374965,0.166776574162899,0.166776574162899,1
0.922,0.587785252292478,0.883999850197591,0.883999850197591,0
0.923,0.809016994374944,0.18710906467316,0.18710906467316,1
0.924,0.951056516295165,1.32426435229019,1.32426435229019,0
0.925,1,0.905428125715056,0.905428125715056,0
0.926,0.951056516295149,1.37084471597545,1.37084471597545,0
0.927,0.809016994374947,0.545052575744709,0.545052575744709,0
0.928,0.587785252292482,0.311043515686861,0.311043515686861,1
0.929,0.309016994374916,1.00333786393432,1.00333786393432,0
0.93,3.62582109836739e-14,0.176403961228158,0.176403961228158,1
0.931,-0.309016994374955,-0.401947284805251,-0.401947284805251,0
0.932,-0.58778525229247,-0.897674496497431,-0.897674496497431,0
0.933,-0.809016994374971,-0.478011774207896,-0.478011774207896,0
0.934,-0.951056516295145,-0.848423837063685,-0.848423837063685,0
0.935,-1,-1.6791979667438,-1.6791979667438,0
0.936,-0.951056516295153,-1.2220422613006,-1.2220422613006,0
0.937,-0.80901699437492,0.08199169069243,0.08199169069243,1
0.938,-0.587785252292491,-0.591315141077099,-0.591315141077099,0
0.939,-0.309016994374926,-0.908878715015855,-0.908878715015855,0
0.94,9.80460216081789e-15,-0.266404593404869,-0.266404593404869,1
0.941,0.309016994374945,0.183046275135729,0.183046275135729,1
0.942,0.587785252292461,0.796158759177492,0.796158759177492,0
0.943,0.809016994374931,0.760191185864149,0.760191185864149,0
0.944,0.951056516295141,0.98152950879397,0.98152950879397,0
0.945,1,0.99464246156772,0.99464246156772,0
0.946,0.951056516295156,0.662958388741165,0.662958388741165,0
0.947,0.809016994374959,1.16085868795159,1.16085868795159,0
0.948,0.5877852522925,0.478203447306257,0.478203447306257,0
0.949,0.309016994374937,0.169993801012088,0.169993801012088,1
0.95,9.76003555498352e-16,0.0584968715932209,0.0584968715932209,1
0.951,-0.309016994374935,-0.329100945170491,-0.329100945170491,1
0.952,-0.587785252292452,-0.744244293292932,-0.744244293292932,0
0.953,-0.809016994374925,-0.770887066062235,-0.770887066062235,0
0.954,-0.951056516295155,-0.317150974114581,-0.317150974114581,1
0.955,-1,-0.837615671159736,-0.837615671159736,0
0.956,-0.951056516295159,-1.14758209831959,-1.14758209831959,0
0.957,-0.809016994374966,-1.06987561251761,-1.06987561251761,0
0.958,-0.587785252292462,-0.659454619795379,-0.659454619795379,0
0.959,-0.309016994374947,-0.781813190555886,-0.781813190555886,0
0.96,-1.17566092718146e-14,0.547725368407653,0.547725368407653,0
0.961,0.309016994374924,0.370297238019553,0.370297238019553,1
0.962,0.587785252292443,0.238766514567844,0.238766514567844,1
0.963,0.809016994374952,0.845199939968459,0.845199939968459,0
0.964,0.951056516295152,0.51800100404898,0.51800100404898,0
0.965,1,1.174703813814,1.174703813814,0
0.966,0.951056516295163,0.89661687624765,0.89661687624765,0
0.967,0.809016994374939,0.821619928865695,0.821619928865695,0
0.968,0.587785252292471,0.696337836108127,0.696337836108127,0
0.969,0.309016994374957,0.565131381066406,0.565131381066406,0
0.97,2.25372149881308e-14,-0.242931605451551,-0.242931605451551,1
0.971,-0.309016994374968,-0.749132194975519,-0.749132194975519,0
0.972,-0.587785252292481,-0.618954123512997,-0.618954123512997,0
0.973,-0.809016994374946,-1.05589101194355,-1.05589101194355,0
0.974,-0.951056516295149,-0.82356209162437,-0.82356209162437,0
0.975,-1,-1.55640531172809,-1.55640531172809,0
0.976,-0.951056516295149,-0.69348398965743,-0.69348398965743,0
0.977,-0.809016994374945,-0.717098899180512,-0.717098899180512,0
0.978,-0.58778525229248,-0.921253778058241,-0.921253778058241,0
0.979,-0.309016994374967,-0.404189210942545,-0.404189210942545,0
0.98,2.35255981563609e-14,0.251358796154329,0.251358796154329,1
0.981,0.309016994374958,1.03695658754631,1.03695658754631,0
0.982,0.587785252292472,0.482458419752422,0.482458419752422,0
0.983,0.809016994374939,1.22360554605938,1.22360554605938,0
0.984,0.951056516295145,0.692859877635054,0.692859877635054,0
0.985,1,1.0620671421088,1.0620671421088,0
0.986,0.951056516295152,0.888807344923462,0.888807344923462,0
0.987,0.809016994374951,0.911094104928661,0.911094104928661,0
0.988,0.587785252292489,0.438351608754835,0.438351608754835,0
0.989,0.309016994374923,-0.117401405413742,-0.117401405413742,1
0.99,-1.27449924400447e-14,-0.0812322460718678,-0.0812322460718678,1
0.991,-0.309016994374948,-0.177118061431842,-0.177118061431842,1
0.992,-0.587785252292463,-0.739628383916457,-0.739628383916457,0
0.993,-0.809016994374933,-0.864321464125984,-0.864321464125984,0
0.994,-0.95105651629516,-0.83045681330565,-0.83045681330565,0
0.995,-1,-0.838231527617576,-0.838231527617576,0
0.996,-0.951056516295155,-1.17113448164894,-1.17113448164894,0
0.997,-0.809016994374958,-0.889528591177157,-0.889528591177157,0
0.998,-0.587785252292451,-0.326605723978075,-0.326605723978075,1
0.999,-0.309016994374934,-0.209788838705214,-0.209788838705214,1
1,1.96438672372847e-15,-0.404369003666003,-0.404369003666003,0
